0,multiplicand,multiplier,accurate result,approximate result,accuracy
1,2363336,6523406,15417000242416,15408068854968,0.9994203434880731
2,2575071,3051325,7857378519075,7856836913187,0.9999310656573397
3,2256267,5248860,11842829605620,11842555057732,0.9999768168366825
4,5328756,7120853,37945288148868,37790127830916,0.9958941573670713
5,6111590,5562554,33996049400860,33652325377410,0.9897860246031992
6,5404446,3183628,17205745610088,17136888212840,0.9959819194481057
7,7412713,6005475,44516862603675,44493168934955,0.999467476260128
8,1730983,4160153,7201154120399,7201152790715,0.9999998153512307
9,2738568,8273754,22658237944272,22658238284504,0.9999999849841812
10,7478666,1613395,12066042331070,12047640832446,0.9984726056428872
11,6421089,7885878,50635924481142,50635859342675,0.9999987135901741
12,7333089,6400304,46933998859056,46925230831408,0.999813148971403
13,929594,8041326,7475168401644,7466024614310,0.9987752803122998
14,4009519,5533465,22186533053335,21087031196003,0.9478588594519456
15,4299810,3409820,14661578134200,14661034758424,0.9999629374198374
16,4304038,6495980,27958944767240,27683330080008,0.9900440197607931
17,8084740,1412526,11419905453240,11411053052348,0.9992242257702781
18,7521713,1244606,9361569130078,9361026816783,0.9999420669008203
19,2898128,6481185,18783303721680,18777787195344,0.9997062206383206
20,1853801,235175,435967650175,434806281835,0.9973289982492923
21,7504673,7373294,55334160402862,55059290336207,0.9950077441068244
22,6855468,1543943,10584451830324,10584325498244,0.9999880642295041
23,1968996,1962455,3864066045180,3862966379372,0.9997153312506492
24,1537465,1778875,2734958051875,2734648160803,0.9998866797285143
25,210371,6929717,1457811495007,1423443941471,0.9758560540849369
26,8156226,6856465,55922878101090,55746780534370,0.996841116831645
27,6553371,4180361,27395456546931,27377193307039,0.9993329031326486
28,6257602,406422,2543227120044,2534592718566,0.9965933771470451
29,2636121,4003332,10553267555172,10553256280164,0.9999989316086239
30,3522184,6665090,23475673356560,23470717614488,0.9997888542585958
31,1076038,6427807,6916564588666,6770537410970,0.978431966499528
32,4168536,3935622,16405781989392,16405789109256,0.9999995660151455
33,7817134,7496093,58597963457462,58527963809366,0.9988039965250799
34,744199,6809616,5067709417584,4517970388080,0.8783216837909329
35,6237944,6954026,43378824762544,41149708927912,0.945829122666771
36,5155677,3222302,16613148308454,16608821881203,0.999739510286645
37,1946333,5941962,11565036725346,8125500725055,0.5766985793644467
38,1652188,752504,1243278078752,1238673806224,0.9962829015154233
39,5936740,2076879,12329890634460,12329819331292,0.9999942170143711
40,2604752,2214826,5769072453152,5758911210736,0.9982355618893626
41,8159289,7962809,64970859882801,64902130657813,0.9989410328398868
42,5562628,2825117,15715074927476,15577633217588,0.9911769838223677
43,178473,2795722,498960892506,281192043077507,0.001774448832353559
44,118356,1253787,148393214172,148299209884,0.9993661174049846
45,8061430,6815400,54941870022000,54941881820488,0.9999997852551167
46,530428,4206802,2231405571256,2230867133620,0.9997586419971474
47,6126038,4283563,26241269713394,26232550975986,0.9996676366924444
48,1926413,5921304,11406877002552,8093308685212,0.5905792740372657
49,2966012,4437060,13160373204720,13160104769264,0.9999796023313867
50,2175029,2113146,4596153831234,4596159424311,0.9999987830976945
51,8026829,3900253,31306663887737,31306664240809,0.9999999887221457
52,8084965,23874,193020454410,167227364335,0.8457603504212999
53,2054810,4622010,9497352368100,9495724147326,0.9998285311632121
54,2127057,407047,865812170679,827168784755,0.9532823449866452
55,157142,8283375,1301666114250,1301533854410,0.9998983815599173
56,6567350,8123688,53351102386800,53351099296072,0.9999999420681478
57,1219777,837502,1021565677054,1012702484095,0.9912479794429253
58,5179736,329769,1708116360984,1673762849912,0.9794752816542641
59,3629056,7222204,26209782759424,26209782759424,1.0
60,529087,2379526,1258976272762,1241793636669,0.9861630502962707
61,2225472,2070378,4607568268416,4607094288832,0.9998971196258889
62,6733126,6918940,46586094806440,45486586827080,0.9758278636394538
63,3439338,3702966,12735751676508,12701102862494,0.9972719838277732
64,574569,5464058,3139478341002,3122294422003,0.9944963809697434
65,6631730,6114994,40552989159620,40389504934326,0.9959523092555893
66,5203506,5333350,27752118725100,27201071410678,0.9797417055342282
67,5501189,1739087,9567046274443,9412412596619,0.9835713026562876
68,7381550,725571,5355838615050,5342679092234,0.9975369056256573
69,189305,5740004,1086611457220,914783732564,0.8121657408856704
70,3376536,860141,2904297051576,2904291186104,0.9999979804118719
71,422461,8036968,3395305538248,3222931392892,0.9465163466600122
72,6302435,5600117,35294373384895,35278589991423,0.9995526070209768
73,987885,79350,78388674750,69727427319,0.8757842105463728
74,4035480,4533115,18293294920200,18275747580936,0.9990398565538132
75,2619675,6346129,16624795488075,16624097999627,0.9999580435312632
76,1541736,6817241,10510385870376,9960612168008,0.9448052295285835
77,2118039,2504212,5304018680268,5260997063884,0.9918225355647246
78,5587809,2100190,11735460583710,11734220187247,0.9998942923821774
79,2729831,4302645,11745493702995,11736237780307,0.9992113381765722
80,381781,7563224,2887495221944,2887335630524,0.9999447270977738
81,2178489,91844,200081143716,195508724644,0.976612710863283
82,1585367,3722761,5901942438287,5901790237675,0.9999742111112272
83,7137966,2887985,20614338738510,20545480849742,0.9966485141296235
84,6494704,8029107,52146673349328,52077911143120,0.9986796281821091
85,7580790,7215631,54700183328490,54699123944682,0.9999806325269657
86,4549656,3152953,14344851534168,14344857051576,0.99999961537379
87,3966427,5425682,21520571578214,21515601483841,0.9997690004447827
88,3174006,3246231,10303556671386,10259356234562,0.9956916948964988
89,3593276,4150547,14914060921972,14913926704244,0.9999910005104181
90,2079670,346536,720680523120,685224896072,0.948256948556238
91,3906974,5038562,19685530731388,19680953285882,0.999767417490428
92,5744189,7093725,40747697114025,40742506482393,0.9998725991088878
93,172468,7759261,1338224226148,1269486742820,0.9458541148879518
94,7793354,8379561,65304885237594,65296172507714,0.9998665659939108
95,7076352,1137374,8048458779648,8048207930880,0.9999688317237633
96,5802130,2652839,15392116747070,13046917902806,0.8202488233822933
97,164121,7615482,1249860521322,1249319620227,0.9995670434641043
98,6964082,7330485,51050098639770,51032379532122,0.9996527869597606
99,428802,460871,197622406542,197623052678,0.9999967304624069
100,7501764,3820963,28663962678732,28629497276940,0.9987961576321579
101,1370565,3349167,4590251069355,4590089830315,0.999964872356324
102,7961974,7689768,61225732882032,60943970652744,0.995376700496043
103,3212149,5300496,17025982925904,17025986550864,0.9999997870925136
104,3448802,7298709,25171802196618,25146009444106,0.9989742804889448
105,3571839,2102047,7508173454433,7507075069041,0.9998536866380183
106,7069117,2406790,17013880104430,14796919714551,0.8501741962079523
107,1143022,6571067,7510874144474,6889987129050,0.9098856059097444
108,1015350,1156258,1174006560300,1139634542530,0.9698394384451582
109,4931474,1920837,9472557723738,9471347667034,0.9998722402823189
110,2787816,4412017,12299891584872,12296265669992,0.9997051206457869
111,1149380,6857336,7881684851680,7522829882864,0.9522978753469591
112,5834693,7393333,43137828301769,43129196161737,0.9997998539087158
113,3327163,6146924,20451818096612,20378009082148,0.9963780065968927
114,6941,8134530,56461772730,56463153687,0.9999755423331885
115,5148765,7041380,36254410895700,34055218667492,0.9354227541546436
116,3568012,7913031,28233789564372,28233752062884,0.9999986717497583
117,6558586,4502995,29533279965070,29530515682702,0.99990639234351
118,1976429,125655,248348185995,248324617175,0.9999050886687428
119,2885292,5496705,15859598962860,15859592076204,0.999999565773447
120,6682287,7281662,48658155320994,48520720235857,0.9971674970101653
121,3367529,3696174,12446973134046,12435693300807,0.9990929469739923
122,879591,6950103,6113248047873,3914215424869,0.4381932560399133
123,1398604,1824649,2551961389996,2551966501852,0.9999979968953369
124,2810593,5896174,16571745371182,16571211801359,0.9999678013998375
125,613184,5192420,3183908865280,3181754415360,0.9993228735977864
126,5747621,980194,5633783618474,5633726138783,0.9999897972159839
127,187274,90808,17005977392,16995593560,0.999389027987558
128,4967304,5561164,27623992181856,26932506035296,0.974325220770255
129,324695,1538372,499501696540,498417443356,0.997824608270731
130,2396716,2425632,5813551024512,4713771560000,0.7666880012081027
131,6269378,3033411,19017600188358,18996030523334,0.9988645172475636
132,2816976,2738440,7714119757440,7642649550272,0.9906485039386038
133,7506624,6404919,48079318683456,46979663774784,0.9765929591590174
134,2816306,6451348,18168970080488,18031267134824,0.9923631021250829
135,233560,6051626,1413417768560,1412721059528,0.9995068318495707
136,4394208,6549853,28781416451424,28781413252960,0.9999998888705022
137,2883613,7401546,21343194265698,21342622529407,0.9999732115258932
138,410561,2863494,1175638960134,1173470006275,0.9981516750769923
139,2735326,830574,2271890657124,2253548082370,0.9918605798130078
140,3464318,272917,945471275606,919682236502,0.9719587504461451
141,5213771,5004204,26090773693284,26090507015012,0.9999897787240453
142,1608297,3935210,6328986437370,6328920936803,0.9999896505948401
143,4773859,5400276,25780156185084,25623122025980,0.9938713885472357
144,3135151,2054654,6441650542754,6441656372305,0.9999990950229781
145,4134423,3393052,14028312228996,14028308844052,0.9999997587061963
146,908265,8166585,7417423325025,7416814307077,0.9999178868550856
147,3921073,2813704,11032738784392,11032737691468,0.9999999009380962
148,3093555,534400,1653195792000,1653196541760,0.9999995464786061
149,6313663,6596406,41647484495178,41641510753549,0.9998565435902564
150,424585,7535654,3199525653590,3130805929291,0.9780504682017891
151,951205,2925314,2782573303370,2746020522479,0.9866888172933239
152,2117686,2170749,4596964766814,4528250046174,0.9848253254702535
153,1923657,1352835,2602390517595,2499222837659,0.9587200955507288
154,3646618,2325074,8478656699732,8474299455470,0.9994858283820514
155,4618968,3107356,14352777928608,14351710292512,0.9999256091382671
156,6408676,4638653,29727624153428,29727226247508,0.9999866147646375
157,111520,7990094,891055282880,883251351136,0.9911645402704871
158,1554138,6995113,10871370927594,8121527216466,0.6614129783924351
159,7396817,6802895,50319769385215,50290630322175,0.9994205866410238
160,1807344,1348103,2436485868432,2436193946576,0.999880172981954
161,431932,167634,72406488888,72126361204,0.9961161539370094
162,3038803,1100223,3343360953069,3343228503021,0.9999603825918928
163,2188729,1094815,2396253340135,2396224177303,0.9999878296729178
164,5504519,3777967,20795891132873,20656269529801,0.9932407154704015
165,5890041,667309,3930477369669,3930200086853,0.9999294481680646
166,5253713,4832316,25387601389308,25380956759804,0.9997382041360031
167,7305363,8255499,60309416941137,60309426332241,0.9999998442846405
168,2037600,5493699,11193961082400,10641504136736,0.9480846938021816
169,121041,5399435,653553011835,635091259579,0.9709305521410604
170,968061,6636214,6424259961054,6422772535399,0.999768413773522
171,5697642,2031863,11576827967046,11576828245150,0.9999999759775308
172,3603632,7205714,25966741553248,25893995265296,0.9971906116763103
173,5879963,970850,5708562078550,5708518241505,0.9999923207664151
174,225618,7573287,1708669866366,1708685975894,0.9999905719785688
175,4804765,2649389,12729691538585,10255455659161,0.7587395468660807
176,1075307,6188151,6654162087357,6653763907921,0.9999401572641425
177,8149347,6804251,55450202474097,55443728461889,0.999883232740878
178,5709827,6300697,35975889849419,35907109207079,0.9980844839960985
179,4994367,6468388,32305503570396,32087054998988,0.993192003086139
180,3253864,2394156,7790258018784,7733856401888,0.9927071807433312
181,5606376,3742929,20984267315304,20984265316456,0.9999999047453905
182,500880,8180378,4097387732640,4088653504048,0.9978637885104833
183,1935172,5579510,10797311525720,10786169068940,0.9989669680950871
184,5936632,2856179,16956083649128,16951460772456,0.999727287415872
185,7420039,2709298,20103096822622,19633572218853,0.9760856252476489
186,5199910,8080747,42019157132770,42013899684706,0.9998748640782347
187,3354670,6380115,21403180387050,21381711468778,0.9989959214301741
188,1234601,4097601,5058902292201,5058348792809,0.9998905770608807
189,6140332,2372063,14565254344916,14528716859924,0.9974851540336102
190,2157717,7044016,15198993071472,14751873629552,0.9696906675620988
191,2605549,6187329,16121388888621,15846496921133,0.9826528242263183
192,4131504,7502437,30996348475248,30979021063792,0.9994406727242827
193,7845261,5382747,42229055111967,40909207258959,0.9677371442410692
194,6802643,4684018,31863702259574,31863435550793,0.9999916296288711
195,7418776,3748112,27806403350912,27737153294720,0.9975033466680525
196,3289111,6641914,21845992398454,20694951459469,0.9443805924725501
197,6120297,7709015,47181461377455,44700922205195,0.9445080984935089
198,2031465,3513327,7137200834055,7128333727239,0.9987560758018221
199,715538,2145347,1535077301686,1535079398838,0.9999986338478638
200,4243051,3478908,14761184068308,14760899930132,0.999980750619722
201,4288016,4534,19441864544,19405006064,0.9981005684884386
202,667677,2855208,1906356711816,1901964226044,0.9976905528969195
203,7044779,2460719,17335221536101,15088747054437,0.8511159028937793
204,2433360,7102697,17283418771920,16733651785488,0.9671460244613924
205,5148106,8340306,42936779360436,42935714948734,0.9999752091771787
206,6518281,4488711,29258679625791,29258703083803,0.999999198255236
207,3106716,6201851,19267389731316,18992517207540,0.9855273252738255
208,6630074,853382,5657985810268,5648874754990,0.9983871026225264
209,1405455,3891200,5468906496000,5434557059072,0.9936794412949147
210,6000656,1583500,9502038776000,9502051634368,0.9999986467798224
211,6401265,324123,2074797215595,2066065863003,0.9957739234027568
212,4259652,6874921,29284770987492,28940871293428,0.9881171616922918
213,4821852,6982624,33669179499648,33393218427456,0.9917360145206877
214,5829795,4915230,28654783277850,28636945536397,0.9993771074002872
215,5310951,7819532,41529151294932,41527012462036,0.9999484953824224
216,5953232,6757619,40229673674608,40229385512816,0.9999928370322259
217,1286405,2725578,3506197167090,2951689185527,0.8121387630235881
218,2752501,3034543,8352582642043,8065876079739,0.9644543804703137
219,4925150,3901949,19217684117350,19215522713958,0.999887517845641
220,4101503,7734298,31722246449894,31720117332085,0.9999328779970543
221,8267702,5323212,44010730498824,43458658848008,0.9872966247590196
222,4307620,7825360,33708677243200,33413004415296,0.9911509655274027
223,8167634,3936636,32153002039224,32152462533432,0.9999832203896843
224,5368245,3041192,16325863748040,16325838836892,0.9999984741275318
225,6769503,1437091,9728391835773,9727010883437,0.9998580291157737
226,1127912,579364,653471607968,643226741536,0.9840726982097546
227,4357373,8203742,35746763889766,35745809534099,0.9999733016071132
228,4267118,2085710,8899970683780,8895677886450,0.9995174288699753
229,1143733,2395929,2740303062957,2666553293617,0.9723426606486595
230,1698873,57258,97274070234,97279729939,0.9999418203051802
231,7185188,6000698,43116143261224,42978431064396,0.9967957835263539
232,3943911,1535102,6054305663922,6028268142553,0.9956807625750415
233,2994176,1688575,5055890739200,5055890739200,1.0
234,425806,3799082,1617671910092,1583151327770,0.9781950204528931
235,4472064,2662763,11908046552832,11873378057984,0.997080148995619
236,1382220,2264555,3130113212100,2833638503108,0.8953731364580133
237,5716487,4016084,22957891976908,22957893542604,0.9999999318014087
238,3891012,6346845,24695650057140,24686741542772,0.9996391376985673
239,7107263,6729034,47825014373942,45549446148085,0.9500418025181043
240,2969508,8347268,24787279104144,24784063754640,0.9998702654441244
241,1775891,5631939,10001709782649,9451952723577,0.9418366685541408
242,1703968,3730576,6356782125568,6339314948608,0.9972446270454136
243,2230801,3309352,7382505750952,7382356126188,0.9999797321124255
244,4635634,3684591,17080415315694,17078263099118,0.9998739791884275
245,1385689,6244169,8652476297441,8652426829893,0.9999942828123285
246,5412059,2543263,13764289408517,13622534510357,0.9895940877923836
247,4143806,5670474,23497344184044,21832923148202,0.9237655432328552
248,1206550,5260825,6347448403750,6338873661470,0.9986472766712294
249,2707255,8081840,21879601749200,21793432970704,0.9960461126701868
250,7975589,5211193,41562333567677,41527966491985,0.9991724353828249
251,5271210,1551642,8179030826820,8170417857358,0.9989458348872275
252,4584440,4333002,19864387688880,19864119940520,0.9999865210056724
253,7679746,6724381,51641538087226,51624090596634,0.999662028126978
254,162805,69435,11304365175,11304103031,0.9999768098362797
255,2543182,3625838,9221165936516,8039112116562,0.8529621427323101
256,8091656,8200980,66359509022880,66288096180384,0.9989226897948363
257,4480096,332908,1491459799168,1491449897088,0.9999933607692626
258,5860094,760031,4453853102914,4453721303906,0.9999704069924886
259,842152,8322638,7008926236976,7008924566232,0.9999997616261975
260,2485840,630494,1567307204960,1567297049008,0.9999935200847814
261,897395,2238886,2009165101970,1962833074025,0.9763953295070623
262,3056669,5506776,16832391489144,16830986371356,0.9999165160165306
263,1871500,5268326,9859672109000,9859492890852,0.9999818227823698
264,5187848,2690814,13959534028272,11760249622264,0.8129899894433865
265,8362716,6906139,57754079113524,57753310053236,0.9999866837019854
266,2740008,571184,1565048729472,1416191004544,0.894888666535535
267,3155634,3426724,10813486763016,10812124564776,0.9998740119731475
268,6452734,1460455,9423927633970,9423763564570,0.9999825898221155
269,7380653,2601549,19201130431497,19196495376649,0.999758546820289
270,3122206,4809504,15016262245824,14741261172640,0.9813448069358945
271,7567417,6676804,50526160095268,49976380856356,0.9889992186410578
272,2113273,232230,490765388790,486191333019,0.9905920664142706
273,2564814,8332658,21371717895612,21337232376842,0.9983837866991865
274,4108315,3561445,14631537915175,14619724237527,0.9991919356715583
275,1370377,8163427,11186972601979,11152612244683,0.9969190754110203
276,919573,3443514,3166562499522,3155528541143,0.9965032931139316
277,3729814,1902810,7097127377340,7095985254898,0.9998390466720303
278,4255063,7142032,30389796108016,30114523630768,0.9908591455530529
279,7220309,4400626,31773879513434,31704486271151,0.9978112484873743
280,3241924,260513,844563347012,843476941444,0.9987119913839729
281,7952653,4705607,37422059625371,37420949583719,0.9999703363579934
282,2520613,4331266,10917445386058,10908846199151,0.999211723517775
283,2365670,2978044,7045069349480,7027818537576,0.9975453532541052
284,3635426,7008524,25478970371224,25478978759832,0.9999996707635703
285,3712333,3564224,13231586374592,13053850289088,0.9863843937560266
286,3708588,6276200,23275840005600,23271544821136,0.999815431914941
287,7478764,441505,3301911699820,3301901335596,0.9999968611345565
288,6120770,7646041,46799658371570,44459959143130,0.9473751376849492
289,5452630,1687503,9201329482890,9201319128202,0.9999988746517912
290,4207524,950149,3997774721076,3997766850868,0.9999980313489272
291,5063868,4713771,23869914126228,23869713848212,0.9999916095342712
292,5610597,7223091,40525852695327,39964212934431,0.9859464325791307
293,6688099,6648260,44464221057740,42247196495820,0.9475225637246875
294,7573955,1531523,11599686283465,11530693929353,0.9940166346852404
295,7427102,8314186,61750307468972,61741594797514,0.9998588848978298
296,7954695,2858137,22735608103215,22692269999771,0.9980901820997001
297,7465544,7454142,55649225083248,55648692382648,0.9999904274372462
298,1377135,5024407,6919286733945,6908401256061,0.9984243130240228
299,214897,726218,156062069546,87204387483,0.21038741225694157
300,4985156,2498225,12454041348100,10250594658308,0.785042062120159
301,4435567,735147,3260793773349,3190396985637,0.9779347874170761
302,2264068,1487736,3368335470048,3295310355696,0.9778396853498867
303,7107087,255688,1817196860856,1817197539828,0.9999996263631306
304,4217527,2825918,11918385464786,11771762356361,0.9875445065924415
305,1999822,2644189,5287907334358,5266367590390,0.9959099429353725
306,1597845,1634203,2611203092535,2611153828903,0.9999811333857643
307,6260922,7350020,46017901918440,46017898295528,0.9999999212716761
308,5733843,1129337,6475441052091,6466054102087,0.9985482722761366
309,56066,5313118,297885273788,297609378718,0.9990729624476605
310,630027,3015806,1900039206762,1900033790389,0.9999971493280659
311,2899542,2743516,7954939869672,6783860077704,0.8273726494128469
312,1989077,5603476,11145745231652,10595816842340,0.9480994813807528
313,909572,2231716,2029906385552,2029155657424,0.9996300293054141
314,2651303,5125559,13589409953377,13550187969733,0.9971054288153338
315,4236669,919231,3894477481539,3894190633539,0.9999263395074885
316,2143869,4279878,9175497767982,9175503197623,0.9999994082459694
317,2965970,6982652,20710336352440,20707936456888,0.9998841074504455
318,1625464,3388858,5508466680112,5366180886184,0.973484719030934
319,4557012,1217454,5547952487448,5547692082412,0.9999530606543889
320,1843093,3353470,6180757082710,6143940807851,0.9940077100332811
321,6019829,2235729,13458706270341,12908670859397,0.957390236614206
322,4828742,4554325,21991660409150,21991662294846,0.9999999142540489
323,4725492,4132646,19528785611832,19528473225884,0.9999840035652359
324,8348806,7950258,66375161691948,66364442579378,0.999838481087863
325,2038067,3913164,7975290413988,7974349234340,0.9998819741122013
326,1286536,1681370,2163143034320,2025645616856,0.9321216819369376
327,4879298,4887126,23845744117548,23840245968358,0.9997693753161231
328,6296612,7850658,49432547370696,49380775902508,0.9989515865791535
329,8198496,7847232,64335500163072,64335206561792,0.999995436382415
330,2719220,1278795,3477324939900,3477122105980,0.9999416661498165
331,104811,773393,81060093723,81034927899,0.9996894447289276
332,3274042,269354,881876308868,881806993598,0.9999213940573127
333,5495242,4015031,22063566982502,22062454482494,0.9999495749664262
334,7696896,2083921,16039723209216,16031131177472,0.9994640408310005
335,7015209,3488442,24472149714378,24332368965875,0.9942553580089536
336,4808790,5672605,27278366197950,27278101909726,0.9999903113411309
337,6057298,2180041,13205157989218,13205167276202,0.9999992967159139
338,579217,2930335,1697299847695,1588669337919,0.9316216992528507
339,725426,3794975,2752973534350,2752980586862,0.9999974382267591
340,6903672,3998292,27602896528224,27602499607392,0.9999856201127563
341,2279780,725102,1653073037560,1584360929628,0.9566310260199782
342,845526,6010181,5081764300206,5047398008238,0.9931912855075209
343,4816161,5947411,28643688909171,28565841578355,0.9972748105249247
344,6103312,3549227,21662039739824,19428477423024,0.8850366774416875
345,4284866,6432111,27560733732126,26942057487518,0.9770367855203848
346,8056109,3866428,31148365408652,31147291666828,0.9999655269602415
347,4741877,7155236,33929249017972,33788238394564,0.9958266358322283
348,3763452,923069,3473925874188,3472291046924,0.9995291790803515
349,6720816,8066209,54211506506544,54209296162352,0.9999592257352802
350,6723238,3068580,20630793662040,20630393723064,0.9999806140890296
351,6958034,6539927,45505034423518,45418539634966,0.9980956061280885
352,3047703,2692963,8207351413989,7101139315861,0.8442204766132132
353,3733098,5367393,20037004073514,20030417582154,0.99967117553426
354,7035601,5015677,35288302116877,34733583904717,0.9840293413521124
355,2104064,5166895,10871477761280,10871197431040,0.9999742134901166
356,2369408,7336812,17383901047296,17381408983552,0.99985662475658
357,7486293,8380094,62735839051542,62735847238251,0.9999998695050858
358,6040010,3713739,22431020697390,22395555759918,0.9984164296768436
359,567983,1567125,890100358875,889570482075,0.9994043453434246
360,8017691,2446474,19615072571534,19471599586921,0.9926316795919853
361,6418903,7652359,49119750142177,49117480513925,0.9999537918429803
362,4917544,7374454,36264202020976,36264175487736,0.9999992683346679
363,562674,7323013,4120469016762,4110823136058,0.9976535403288477
364,5842018,6189306,36158037059508,36123652328470,0.9990481380253209
365,5115393,6717347,34361869822371,31870723619251,0.9218359070574957
366,2943848,4665858,13735576741584,13734156466744,0.9998965881273132
367,5867439,4755067,27900065563413,27887127021141,0.9995360388948568
368,3622701,3589429,13003428027729,12453068954961,0.9558053460750532
369,5467823,4733034,25879392164982,25879231634021,0.9999937969193494
370,7429164,6682665,49646614242060,49078064415676,0.9884153983423519
371,7888881,7189494,56717062616214,56536110208195,0.9967993481095067
372,3897617,3638570,14181752287690,14181420657371,0.9999766151553492
373,4426077,2859954,12658376620458,12383412032263,0.9777957329144323
374,7676560,4072781,31264947713360,31264938603856,0.9999997086351546
375,7886831,1555794,12270284348814,12269961047421,0.999973650984567
376,7248784,409151,2965847222384,2828390152304,0.9514009515384475
377,1596108,1633912,2607900014496,2607649766352,0.9999040330694601
378,634238,5477536,3474061477568,3464921685664,0.9973621938002768
379,311924,7401170,2308602551080,2308059700636,0.9997648022519303
380,7624621,5668700,43221689062700,42102778272348,0.9734243003368053
381,599712,7448894,4467191118528,4445716521312,0.9951695981709462
382,5460321,1207338,6592453035498,6592433903435,0.9999970978756435
383,1878526,3722934,6993628315284,6993621893274,0.9999990817333139
384,2310964,2804481,6481054629684,6201069109044,0.9548488307876375
385,6384417,2410631,15390473537127,15370987693603,0.9987322972399418
386,3907068,3669381,14336521084908,14335453209324,0.9999255080695109
387,705905,5542447,3912441049535,3912074027711,0.9999061822906724
388,4734111,5664738,26817498477918,26813048667117,0.9998340430864
389,3108623,6718636,20885706398228,20816172685844,0.9966596303060415
390,514788,6200626,3192007857288,3190394261100,0.9994942329831538
391,1486113,4605457,6844229518641,6844171690545,0.9999915507531641
392,377076,230241,86818355316,86812510900,0.9999326777219157
393,2568480,7180899,18443995463520,17892257835360,0.9691633312443321
394,6781945,8049326,54590086219070,54588477112631,0.9999705229652097
395,7908181,5176077,40933353785937,40923555891793,0.999760580576871
396,2287000,3483069,7965778803000,7893401067832,0.9908306021009168
397,6131269,6117566,37508442771254,36402453176699,0.9696177180920615
398,1170702,1220057,1428323170014,1418658392118,0.9931873818604274
399,5525747,6161100,34044679841700,34044675844004,0.9999998825750018
400,5947658,532100,3164748821800,3164745127848,0.9999988327805713
401,3515127,954975,3356858406825,3356304138041,0.9998348574023082
402,2294610,7601615,17442741795150,16340017112910,0.9325138600149474
403,7257426,5853318,42480022239468,41366793868662,0.9730888409108895
404,405105,6470226,2621120903730,2537872626083,0.9671976139419232
405,2041455,5771841,11782953668655,11782948585263,0.9999995685806516
406,6803476,460556,3133381692656,3064652758256,0.9775736633734937
407,7588004,6069827,46057871555308,45575455629036,0.9894150059584998
408,3208963,3500150,11231851844450,11224608946585,0.999354730494446
409,5764754,6701424,38632060809696,38630851562848,0.9999686973804853
410,8185133,6108647,50000088145051,49862072839607,0.9972320584046324
411,5863522,1380130,8092422617860,8092404595078,0.9999977728768021
412,6675049,2838572,18947607190028,18801578301964,0.9922331579977652
413,53267,6093120,324562223040,324563291072,0.9999967093259485
414,7870044,6746217,53093024623548,53088706243628,0.9999186572771206
415,7514183,8205741,61659439524603,61589583897595,0.998865788294265
416,7267331,5602027,40711784479937,38460953132225,0.9414774943310983
417,5652445,6687374,37800013729430,37791337760179,0.9997704243944457
418,5770912,6549958,37799231221696,37799229727712,0.9999999604758083
419,2879554,8045679,23167967147166,23167925462046,0.9999982007400676
420,4065538,4400431,17890119446878,17889977897310,0.9999920877728965
421,4416021,1512835,6680711129535,6611977132543,0.9896046226999632
422,5526801,2957350,16344684937350,16310200771171,0.9978857301229577
423,761833,5770861,4396432348213,4121551028981,0.9333063409140998
424,2064220,715734,1477432437480,1477424147668,0.9999943890100801
425,151938,4024832,611524924416,587899524608,0.9598138817619338
426,2235866,2515790,5624969324140,5525958255686,0.9820825522248342
427,7292889,200363,1461225118707,1461225118707,1.0
428,2851006,6095098,17377160968588,17376612268618,0.9999684230757113
429,7344014,5758387,42289674745418,37879267590218,0.8835667256581553
430,7388716,919212,6791796411792,6791795580304,0.9999998775746428
431,4530956,6607673,29939075625388,27667018022364,0.9178784789460348
432,619436,4570499,2831131618564,2828916583428,0.9992170023149584
433,6860681,144874,993934299194,941591623363,0.9444104274801721
434,2503115,4187178,10480988059470,10480975665433,0.9999988174729724
435,7892017,8137510,64221367257670,64220827992259,0.9999916029514433
436,4137599,4398856,18200702186744,18200699342580,0.9999998437332573
437,5917924,4772007,28240374753468,27681595392876,0.9798140478299237
438,1573374,2581328,4061394360672,4059239037280,0.9994690326506507
439,822730,6658941,5478510528930,5177590736674,0.9418803440518155
440,4739518,1684434,7983405262812,7982828370330,0.9999277333226725
441,427179,2302607,983625355653,968125033541,0.9839893385926545
442,3717893,4156534,15453548662862,15435234582015,0.9988134886613036
443,2708914,348113,943008179282,942739743826,0.9997152602743674
444,4647607,4605991,21406836013537,21268588140149,0.9934999035912954
445,3884761,3790272,14724300844992,14722090718912,0.9998498768875835
446,1507015,2551709,3845463738635,3708018740827,0.9629330358299792
447,4202782,7996937,33609382878734,33540415621254,0.9979437566230903
448,2148477,2850661,6124579593297,5917879780577,0.9650719817934783
449,441423,3471079,1532214105417,1531951934717,0.9998288649310343
450,658639,5937026,3910356867614,3907645103789,0.9993060363075524
451,4841652,4046812,19593255413424,19524536851312,0.9964803998868028
452,1629953,3185151,5191646427903,5114075737599,0.9848319238345072
453,864551,5948563,5142836090213,4043287519013,0.7280558045824035
454,5975206,2288990,13677186781940,13633952380218,0.9968289164787806
455,4356148,4831512,21046781335776,21003819026032,0.9979545477091213
456,2626655,5663352,14875671847560,14844990176068,0.9979331969150467
457,4636922,4599049,21325431487178,21325287636658,0.9999932544628494
458,3759542,1082992,4071553909664,4071151055904,0.9999010467176315
459,5442853,2154976,11729217586528,11170742207152,0.9500055261307132
460,190016,655628,124579810048,55863216896,-0.23008657521332876
461,3948559,2064427,8151511810693,8151437606789,0.9999908968322424
462,7362568,6141250,45215370730000,45077909254680,0.9969505800603268
463,4315829,855707,3693085086103,3692811473799,0.9999259067770068
464,8006117,4021976,32200410427192,32148311386236,0.9983794159410094
465,2774750,6660784,18482010404000,18338260063392,0.992161178862603
466,3319243,1185490,3934929384070,3930606529617,0.9989002067695081
467,3470705,7285554,25286008695570,25191483564163,0.9962477346295925
468,4911627,3033958,14901670029666,14899079700785,0.9998261416857268
469,5679825,3202950,18192195483750,17641902382131,0.968807609876791
470,6357732,2858845,18175770339540,17891488428692,0.9841107735680557
471,4754473,3180981,15123888278013,15110568133885,0.9991184881991214
472,2938819,4386299,12890538840881,12890524700721,0.9999989030578407
473,3845677,8301349,31924306918273,31923472834129,0.9999738723869945
474,2455112,3705854,9098286625648,9097059232184,0.9998650779957926
475,3747863,7242348,27143328102324,27108667017460,0.9987214020947
476,8067838,3127375,25231154865250,25222437788770,0.9996543919920429
477,2773912,8049666,22329065113392,22328531016392,0.9999760800654728
478,5032476,707639,3561176284164,3538839163796,0.9936880091651186
479,2386366,4365075,10416666567450,10317509264154,0.9903894146583904
480,190213,2985357,567853711041,496876313345,0.8571527847279012
481,8365554,6043924,50560772593896,50285885497576,0.9945335138558263
482,1175412,2330863,2739724340556,2739154767180,0.9997920623606872
483,5628504,8231653,46331891837112,46192160017976,0.9969749884161809
484,6770114,1701940,11522327821160,11517904733032,0.9996159815321866
485,4244105,6300771,26741133704955,26741122438475,0.9999995786833547
486,3344554,1776476,5941519911704,5937227092088,0.9992769655683676
487,6501251,6526155,42428171719905,42423666955489,0.9998938148269756
488,3421295,4041982,13828812806690,13690831031953,0.9899215924573925
489,4897040,474620,2324233124800,2324166208448,0.9999712084481064
490,6923385,8280581,57329650286685,57328837831005,0.9999858281501817
491,1780682,4129968,7354159678176,7351609541344,0.9996531185697963
492,7238511,293985,2128013656335,2128010419263,0.999998478826997
493,3807456,991555,3775302034080,3770999595680,0.9988590721661894
494,3059454,1923973,5886306890742,5877445628790,0.9984923277029405
495,4887050,2921781,14278889836050,14276146925074,0.9998078675576544
496,4158467,4425521,18403383036307,18402981477779,0.9999781797026485
497,984442,299076,294422975592,294429168744,0.9999789655623238
498,1275689,7376862,9410581707918,9410567438631,0.9999984836953677
499,3086159,67346,207840464014,207837439965,0.999985449931444
500,2072333,1866179,3867344325607,3866258649831,0.9997191921507768
501,5688557,6211264,35333129306048,35331786886080,0.9999620053191103
502,2901690,7869194,22833961537860,22831756662782,0.9999034294596528
503,3188008,2033541,6482944976328,6482963107784,0.9999972032146877
504,4193241,8148433,34168343341353,34166412070953,0.9999434745914793
505,39131,70267,2749617977,2740091769,0.99652339819134
506,1692949,6682755,11313563394495,10762746723071,0.9488219238455857
507,1821475,5258851,9578865625225,9509866509561,0.99274447064061
508,7273398,779654,5670733844292,5670703412130,0.999994633441429
509,2679414,6469646,17334860067444,17313210297578,0.9987495230812838
510,7950690,5813174,46218744390060,46080223047046,0.9969939090166171
511,526651,2797389,1473247714239,280632079423935,0.0052497480589646095
512,1670949,7334535,12255633923715,12255629323055,0.9999996246084245
513,4300237,8264292,35538414237204,35535713131684,0.9999239889879235
514,1210117,171327,207325715259,198453250875,0.9552919171397776
515,6657711,1869174,12444420300714,12444388896733,0.9999974764545483
516,2948114,7429917,21904242326538,21904122731242,0.9999945400554285
517,5865372,5500615,32263153203780,32260999035860,0.9999332268688392
518,7454901,6820698,50847628340898,50288338459655,0.9888783384304554
519,4079515,7070843,28845610081145,28845620683961,0.9999996324289182
520,7209845,2017986,14549366272170,14530978313247,0.9987345684146925
521,6837036,4790469,32752609009884,32752022326492,0.9999820871094264
522,8153906,6953667,56699547073302,56596448844566,0.9981783622322463
523,69587,993324,69122437188,68052843588,0.9842828962963628
524,2836087,4083497,11581152756239,11581154530283,0.9999998468163087
525,2306390,3733144,8610085990160,8605777697928,0.9994993721214717
526,5737682,7089673,40678289157986,40669639128234,0.9997873098965858
527,2006799,7643621,15339210979179,15235667233115,0.9932038587821775
528,5293678,2401838,12714556980164,12709587007282,0.9996089587427859
529,1588424,6587961,10464475363464,10461929198504,0.9997566256747021
530,3115008,7068288,22017773666304,21977514770432,0.9981681779631352
531,653739,4005740,2618708461860,2617633074788,0.9995891757777827
532,7723908,2603463,20108908693404,20107514815884,0.9999306787769268
533,2007916,7261874,14581232994584,14576938462340,0.9997053886002816
534,897633,7869412,7063843901796,7063694948212,0.9999789127949194
535,5972133,465560,2780386239480,2780401071484,0.9999946655163703
536,2354336,3759795,8851820721120,8850740027104,0.9998778978918497
537,5143303,2743355,14109906001565,11771135127197,0.8013130552749912
538,1037891,5224878,5422853852298,5422527917005,0.9999398923716044
539,7740661,5636182,43627774196302,42523896210031,0.974040996130298
540,3501602,6608172,23139188291544,23129430243288,0.9995781111703419
541,5970842,1252634,7479279697828,7444631454110,0.9953458752214159
542,3717589,2331931,8669161034359,8634746352935,0.9960143957891361
543,2678201,446754,1196497009554,1196342908123,0.9998711895812198
544,4035943,4811465,19418798486495,19055554890107,0.9809376531681802
545,4727071,3878011,18331633335781,18288414684709,0.9976368290080312
546,6123520,4263851,26109776875520,26109776874688,0.9999999999681345
547,5408713,7433319,40204689108447,40196083063051,0.9997858984075015
548,4946421,1845443,9128338009503,9128062747039,0.9999698443720614
549,8127909,3460209,28124263872981,28123861127317,0.9999856795742883
550,1612928,8255212,13315062580736,13315061401088,0.9999999114049899
551,5255985,3912115,20562017758275,20561875991363,0.9999931053512793
552,1137916,2946156,3352478050896,3069004491600,0.9076333840266837
553,6795608,4006891,27229260534728,27224832758728,0.9998373626005626
554,4646976,1575197,7319902654272,7319620750144,0.9999614865117166
555,3762250,172043,647268776750,647151639342,0.9998189954241341
556,7340844,6260894,45960246154536,45941464603796,0.9995911851983393
557,4663889,7789840,36330949087760,34057799303696,0.9332561166447031
558,100957,7935858,801180416106,800758855559,0.9994735486918771
559,3297198,2786537,9187764223326,9101322812438,0.9905023244786056
560,3918968,4233454,16590770755472,16581895881736,0.9994647853418392
561,3503850,1093108,3830086465800,3829541801736,0.9998577730464377
562,7206057,4451796,32079895728372,32078283204596,0.9999497316060927
563,218638,7604979,1662737398602,1662743591754,0.9999962753415315
564,5226969,6302748,32944268410812,32935126131244,0.9997224155288925
565,6298388,7838692,49371123628496,49319580183312,0.9989549090849431
566,6496361,6225052,40440185035772,40439040389036,0.9999716945129017
567,7210279,2177853,15702927750987,15702935091019,0.9999995325694236
568,1787475,7904091,14128365060225,14113792346961,0.9989674842235342
569,4142798,4548762,18844602116076,18723609107802,0.9935379441229852
570,5042157,8238423,41539422198411,41503708355287,0.9991395023592042
571,3630105,5359594,19455888977370,19454824541683,0.9999452868009825
572,4636787,362889,1682638997643,1656704319511,0.9843456205029664
573,206066,2308064,475613516224,441249487072,0.9221210898622694
574,6828472,3075702,21002344987344,21002092063656,0.9999879572145844
575,6743563,1231469,8304488784047,8278450940143,0.9968547444331959
576,2983546,2901546,8656895962116,8515138520190,0.9833523034781075
577,940964,3395669,3195202284916,3186074414452,0.9971350730470713
578,1065983,7260639,7739717743137,7730591444785,0.9988194566460815
579,435852,1299665,566461589580,566428035148,0.9999407613502195
580,4056669,787708,3195470624652,3194396882828,0.9996638671200275
581,6868127,1258882,8646161454014,8627300149533,0.9978137651230297
582,3132111,7861428,24622865114508,24622728013196,0.9999944319203004
583,4804546,4010979,19270933110534,19268757642022,0.9998870986623831
584,1577425,8278277,13058361096725,13057280080405,0.9999172096858348
585,3473128,1565428,5436931818784,5432371463456,0.9991605221847074
586,2985011,5829183,17400175376013,16300244822413,0.9325206114642165
587,6858052,6560080,44989369764160,44713946650944,0.9938403309516364
588,6385792,2957609,18886675891328,18576872916608,0.9833231902855387
589,6447793,7587180,48920566093740,48851849161580,0.9985933606743786
590,4729481,3937239,18621097042959,18621061347819,0.999998083077042
591,4662136,6080394,28347623761584,28347536869416,0.9999969347542116
592,3666092,7283371,26701508156132,26660403559140,0.9984582154992209
593,1131355,1448256,1638491666880,1638420772288,0.9999567299235953
594,3871088,7996347,30954562915536,30954570255568,0.9999997628772767
595,113204,835541,94586583364,94586575172,0.9999999133915147
596,7681441,2065448,15865616950568,15865083034540,0.9999663464712515
597,3101712,3380886,10486534676832,9385403607088,0.8826762155532225
598,4834571,4600788,22242836241948,22242230099484,0.9999727481254672
599,2489511,5939306,14785967619366,14562610528013,0.9846622903961247
600,7777336,7449656,57938477796416,57938471681312,0.999999894455207
601,5827065,3116510,18160106343150,18160129252439,0.999998738484254
602,3841681,6388585,24542905611385,24525598762621,0.9992943353215752
603,1596729,7374180,11774567057220,11636985285780,0.9881771981263807
604,7281667,7803772,56824469047924,55722791913908,0.9802293263460651
605,6618756,283996,1879700228976,1879684506416,0.9999916355324809
606,5825474,4350006,25340846852844,25338663911334,0.999913849383786
607,3733964,7570454,28267802699656,28267748702756,0.9999980898054328
608,7064040,5255462,37124793786480,36986716840248,0.9962668504255628
609,2206946,2083741,4598703864986,4590117103354,0.9981292935586054
610,2216651,7517884,16664525086484,16385165611796,0.9829504637727382
611,4075002,7273376,29639021746752,29637950290400,0.9999638485002673
612,4143770,4240823,17572995122710,17571582181742,0.9999195894283517
613,7109711,7165722,50946212526342,50842729837669,0.9979646512096537
614,3830652,4306183,16495488521316,16495213409908,0.9999833217430315
615,7857183,5964785,46866407300655,46591480110639,0.9940991960469352
616,7349359,5951085,43736660104515,43736125548675,0.9999877777047397
617,7872810,6653638,52382827782780,52378336958206,0.9999142617953376
618,4677382,1096786,5130087094252,5130090460914,0.9999993437421766
619,4452841,742924,3308122447084,3170282430956,0.9565212188093809
620,8339893,8238145,68705247818485,68705248539381,0.9999999895074101
621,7727778,6725302,51971640838956,51970435148358,0.999976800452131
622,3394903,2172337,7374873398311,7365033043239,0.9986639089038394
623,2851548,305744,871843691712,712913311936,0.7770691371375773
624,6121535,2376494,14547791198290,14469413118097,0.9945831887200061
625,3407892,1609336,5484443279712,5441290514608,0.9920693877696569
626,1023444,661728,677241551232,672953394880,0.9936278553840052
627,2520084,5406633,13625169317172,13625163595140,0.999999580039391
628,2232184,5819880,12991043017920,12960839885472,0.9976696624049916
629,5749299,665607,3826773659493,3826693763737,0.9999791214659618
630,2277850,5871368,13374095598800,13373372605496,0.9999459378478917
631,4509618,5229578,23583399081204,23566223590566,0.9992711818857191
632,8172165,452923,3701361488295,3701222426023,0.9999624280153978
633,3960669,2993774,11857347874806,11788463965459,0.9941566679468306
634,1309054,1836007,2403432307378,2403357838490,0.9999690146482528
635,6052848,3657673,22139338702704,22136665976624,0.9998792624832112
636,5560999,6503013,36163248789987,36162385920403,0.9999761390305966
637,3645777,7121778,25964414431506,25826538036771,0.9946614449625925
638,4949680,6215799,30766215994320,30626623132944,0.9954421073204821
639,5746425,2730541,15690849065925,15690028618949,0.9999477090197905
640,1086470,617620,671025601400,669670546680,0.9979765352878099
641,1786067,5645208,10082719716936,9532630282532,0.9422940554600122
642,7909255,4324936,34207021682680,34205814445332,0.9999647066626661
643,4999414,2141965,10708569808510,10604356034174,0.9901725504122875
644,1769316,710576,1257233486016,1256021491904,0.9990350530466141
645,1564537,6997269,10947486249453,8198702985709,0.664729498246814
646,1910097,3925413,7497919595061,7497516799557,0.9999462761451866
647,71664,2120106,151935276384,151266278736,0.9955773510554353
648,6793588,2194463,14908277503244,14865301118412,0.9971089462305766
649,4418772,2013622,8897736512184,8897421690428,0.9999646165184753
650,6826175,3976192,27142182425600,27141645554688,0.9999802196624034
651,7866976,7248650,57024955582400,56999158125088,0.9995474063449256
652,5492518,5891098,32356961804764,32343921401506,0.9995968205865912
653,5444008,6898508,37555532740064,37005636285920,0.9851401972960204
654,89045,6229608,554715444360,554710877084,0.9999917663846363
655,5816238,1627001,9463025042238,9384101549686,0.9915896591555277
656,5816294,4248995,24713404124530,24708533233106,0.9998028660229222
657,3295812,103308,340483746096,340393540144,0.9997349951119465
658,5525024,4754740,26270052613760,26252315287168,0.9993243519134226
659,4140142,7285077,30161253260934,30143924080262,0.9994251186200622
660,8272189,5713045,47259388005505,43408567765953,0.9112889358544479
661,922813,3255982,3004662517366,2968689091379,0.9878823868449323
662,1508439,3962677,5977456531203,5975305435907,0.9996400024535861
663,945648,6569247,6212195287056,6203573444880,0.9986101813329678
664,6061231,2434206,14754284867586,14681811606913,0.9950637385485266
665,913026,2483045,2267084644170,1983615256298,0.8570945716554752
666,7670128,6174701,47360747031728,47360751897776,0.9999998972556853
667,3229828,5503672,17775913928416,17775910068464,0.999999782854887
668,7340717,3780537,27751852225029,27613872667833,0.9950032522110985
669,5862495,6338448,37159119707760,37124771740208,0.9990747965322895
670,5558563,5067866,28170052436558,27018429186369,0.9573763803126645
671,35400,6483213,229505740200,194835623336,0.822054528477011
672,3480923,7255215,25254844763445,25244637924661,0.9995956829004852
673,3529528,530307,1871733405096,1871178310568,0.9997033449325139
674,1061858,7624477,8096111898266,8027382802554,0.9914381689023061
675,6177656,5803485,35851933931160,33614928258840,0.9334520170593636
676,6340630,3018470,19139001436100,19138212890850,0.9999587973415022
677,258645,1044840,270242641800,270227119004,0.9999425564833863
678,836019,3153115,2636064049185,2635784641777,0.9998939945989626
679,4599821,4551998,20938375992358,20938111943731,0.9999873890908736
680,5711532,1706268,9745404282576,9736798899216,0.9991161999493804
681,8021290,1867516,14979887415640,14979821715800,0.9999956141106853
682,5576381,3804157,21213428815817,21213424424905,0.9999997930125796
683,7583163,5717273,43355013074499,43314066671999,0.9990546627078434
684,142604,933865,133172884460,133170047004,0.9999786929864197
685,4855853,6635774,32222343085222,32187980862675,0.9989324517529198
686,6283380,2053737,12904409991060,12904018071652,0.9999696281107308
687,4572564,2020383,9238330572012,9238319801260,0.9999988341221963
688,1373973,5686441,7813016400093,7760670952241,0.9932550357856772
689,6003404,590040,3542248496160,3541726615184,0.9998526478656589
690,1622133,3876821,6288719279193,6288182243417,0.9999145960223144
691,227147,1995414,453252303858,452582897873,0.9985209207238144
692,6664043,6696210,44623831377030,42149391274993,0.9412935744221513
693,2517004,6540579,16462663505316,15285700810340,0.9230023726370566
694,2238540,1537463,3441672424020,3372914679076,0.9796147393319667
695,4012601,1429273,5735102269073,5735100713957,0.9999997288424254
696,6781113,4489530,30444010246890,30443950850979,0.9999980490077884
697,4611898,6203606,28610398104188,28600548402382,0.9996556114355772
698,5391681,3772235,20338687777035,20162528270603,0.9912630249506535
699,7087904,4341788,30774176532352,30636743185792,0.9955141006429256
700,4303915,5555933,23912263377695,23875472290927,0.9984590425554857
701,2200065,7105437,15632423253405,15082676467149,0.9635511119360425
702,1996876,6220493,12421553179868,12412967439580,0.9993083249166816
703,6414990,7303702,46853175292980,46569432283786,0.9939070975255846
704,3632323,7170695,26046280374485,26027754952329,0.9992882435619234
705,5350636,1415231,7572385936916,7555196888596,0.9977248708970186
706,5658942,1628270,9214285490340,9214277700194,0.9999991545570631
707,4967069,5809020,28853803162380,28496689316812,0.987468233885074
708,7130775,1696632,12098301049800,12098296725604,0.9999996425781167
709,537453,3393681,1823944034493,1823838820349,0.9999423117093319
710,2413500,2389970,5768192595000,4511756449780,0.7215195103713399
711,3450257,3961677,13668803800989,13666514874269,0.999832515696865
712,4606941,1332466,6138592246506,6138590365383,0.9999996935578223
713,2721635,5183810,14108438729350,14108402079209,0.9999974022472004
714,1333438,6784338,9046494094044,9044320123290,0.9997596313792121
715,2786977,692908,1931118659116,1861318641196,0.9624996943698207
716,1948708,5723679,11153779056732,10854123287068,0.9723924483130737
717,6518079,1445168,9419719192272,9419522256592,0.999979092816532
718,4351926,1717290,7473519000540,7383307903890,0.987781750697073
719,5384147,5504446,29636746417562,29635939691117,0.9999727787796369
720,1031502,5669820,5848430669640,5388837416776,0.9147138394947231
721,868722,4894613,4252057994586,4182533759194,0.9833774837467426
722,6680520,892292,5960974551840,5941793584416,0.9967718556440084
723,7058151,2041252,14407464845052,14407183677036,0.9999804841791218
724,5593928,215136,1203455294208,1177682050432,0.9781152784263412
725,6919708,583099,4034874815092,4034693125748,0.9999549682371528
726,8292209,2013619,16697349594371,16697089961987,0.9999844504410894
727,723942,3540739,2563289673138,2277608707506,0.8745697780788593
728,5765307,966689,5573258858523,5573267217355,0.9999985001917773
729,4233011,327137,1384774519507,1384782007043,0.9999945929857826
730,2055565,7137730,14672067967450,14619184610919,0.9963826056008964
731,1827445,3130276,5720407224820,5718121208132,0.9996002154195771
732,1058534,1986370,2102640181580,2098271168562,0.9979178034357713
733,5761658,8052995,46398603065710,46398604351854,0.9999999722805456
734,4114667,1416980,5830400845660,5753085212508,0.9865610137350469
735,7977537,7043758,56191840064046,56191272354927,0.9999898968452714
736,1014939,2171452,2203891321428,2134902773076,0.9676853910060736
737,5774860,2469037,14258343009820,14116264368668,0.9899351104908921
738,6001291,350495,2103422489045,2086182348069,0.9917360335293999
739,4207413,2700152,11360654626776,11319836184428,0.9963940783521098
740,4686113,8351594,39136513214122,39136125155211,0.9999900843808768
741,2929900,6601286,19341107851400,19066161446340,0.9855793518882229
742,7290299,6902351,50320202592949,49185756966325,0.9769354850551412
743,1142710,7039955,8044626978050,7340194047234,0.9040307481950766
744,872304,2082966,1816979573664,1815778392400,0.9993384758464868
745,3105419,2194671,6815373022149,6806649738181,0.9987184173854182
746,102279,3917414,400669186506,400647941349,0.9999469730034591
747,1602173,4363145,6990513114085,6988367566105,0.9996929829520693
748,4000771,3717924,14874562519404,14865559232924,0.9993943526550916
749,449532,3984057,1790961111324,1788546466060,0.9986499398758595
750,856995,5889133,5046957535335,5027013089191,0.9960325454121287
751,5314001,1940155,10309985610155,10171475417515,0.986382487598457
752,7558380,3262874,24662041584120,24659791701796,0.9999087631253659
753,5786229,6647062,38461422909198,38323319404463,0.9963963584866576
754,6983855,4210561,29405947492655,29405404603631,0.9999815377808495
755,3148138,2285244,7194263475672,7192111363544,0.9997007676857023
756,5460444,1197256,6537549341664,6536442653520,0.9998306895351703
757,3722711,3196934,11901261368074,11832551128453,0.9941931170315608
758,2769418,2450228,6785705527304,6774546458632,0.9983527947235816
759,1030967,5434725,5603022129075,5421962734947,0.9666063005263776
760,4076208,1816186,7403151902688,7403166135952,0.9999980774085386
761,2337783,6422539,15014502491037,15012365951901,0.9998576813846102
762,7474000,8279833,61883471842000,61874867831568,0.9998609449889183
763,1840698,871382,1603951104636,1560919887822,0.9724321426424756
764,4670226,822495,3841237533870,3804699923342,0.9903967168859126
765,7115273,1640660,11673743800180,11673674341236,0.9999940499501725
766,1156783,638755,738900925165,738899314141,0.9999978196975295
767,6329189,8365333,52945773604937,52945772937289,0.999999987389966
768,5284845,5342427,28233898618815,28229569965295,0.9998466624349814
769,675020,388830,262468026600,262402588916,0.9997506210427636
770,6419962,2248168,14433153129616,14152588524152,0.980175739230657
771,4205335,4013844,16879558657740,16879558657740,1.0
772,980241,7076065,6936249031665,6935704006913,0.9999214175300075
773,8029631,8137247,65339090765857,65339090594609,0.9999999973790881
774,2010817,7926628,15938998335076,15938864325172,0.9999915922551779
775,5638293,5966732,33642183268476,33642167680444,0.9999995366519736
776,406753,225554,91744766162,91741486515,0.9999642512114792
777,7851173,4613570,36221936217610,36151511049647,0.9980519440012816
778,4985421,107639,536625731019,536518969431,0.9998010105996564
779,3744556,1852381,6936344387836,6936287612476,0.999991814733879
780,7336752,7755393,56899395103536,56752906942256,0.9974188430307359
781,8259274,4692058,38752992645892,38750741779758,0.9999419142439442
782,4912973,1796615,8826720986395,8826723620071,0.999999701624735
783,8274580,1898583,15709976920140,15709831251452,0.9999907275459763
784,7331784,7282758,53395608580272,53384880394584,0.9997990407469548
785,5069052,7989413,40498749946476,40497677875756,0.9999735276001925
786,7245263,5440030,39414448077890,39414449347617,0.9999999677852407
787,7713674,7117855,54904813049270,54882780806422,0.9995985581903054
788,3495851,4954185,17319092586435,17228883862127,0.9947640993444561
789,1210855,8160826,9881576966230,9881029512509,0.9999445954775961
790,2017519,2658915,5364411531885,5359545672861,0.9990921135258463
791,7187499,3094574,22242247530426,22242182410213,0.9999970722201716
792,7734929,3085129,23863253770841,23850349477021,0.999458947390585
793,5604457,6114781,34270027178917,34251782681621,0.9994673416719478
794,667786,6607617,4412474125962,4341475045002,0.9836463229146657
795,228322,3565478,814077067916,812656076038,0.9982514228098461
796,2320215,8029642,18630495813030,18559054351869,0.9961505872116914
797,5327218,2224885,11852447419930,11568963718682,0.9754961889291588
798,7165661,4905113,35148376924693,32927742173945,0.9325603699452816
799,5297373,4841878,25649233786494,25644889711143,0.9998306065886837
800,5861551,8055005,47214822612755,47213669945379,0.9999755861516944
801,6230817,5529115,34450903736955,33900542886251,0.9837654266319372
802,3618809,4540372,16430739056948,16352349619508,0.9952062278960522
803,4072352,2988642,12170802225984,12126480427232,0.996345040177324
804,1957820,2292944,4489171622080,4214021085376,0.9347059421086287
805,853932,2854558,2437598422056,2436430912532,0.9995208115617008
806,2308499,7710202,17798993606798,16680149372705,0.9329236082307601
807,2419800,1589274,3845725225200,3845737162696,0.9999968959147505
808,4301040,385229,1656885338160,1656870576176,0.9999910904423
809,3822642,7627952,29158929689184,29158404770400,0.9999819976851225
810,2512579,6537670,16426412350930,15326911616649,0.9282633865333537
811,1672485,116306,194520040410,194505693695,0.999926240128361
812,836629,7429019,6215332736951,6211006538663,0.9993034626093098
813,3563237,6837056,24362050910272,24351784564800,0.999578415066679
814,207224,542395,112397261480,112382163624,0.9998656561191461
815,4817056,4314853,20784888532768,20776146786592,0.9995792412199532
816,6018634,7906545,47586600559530,47578027705258,0.9998198148455184
817,5837378,2747030,16035452487340,13561365663846,0.8175635931645286
818,1985809,6451875,12812191441875,12809158798563,0.9997632441474346
819,2300745,358366,824508782670,815912557319,0.9894642810998691
820,2224021,5281602,11746393761642,11745994834687,0.9999660371930505
821,1947001,3355572,6533302039572,6377341023252,0.9755445073814681
822,2774454,955406,2650729998324,2646440787370,0.9983792530048395
823,750462,8172843,6133408103466,6098849909802,0.9943336540208247
824,8264977,2045299,16904349193123,16903550750563,0.9999527648023908
825,5358662,2008477,10762749377774,10758419915790,0.9995975745492471
826,6036370,4429124,26735831239880,26734755630280,0.9999597673674345
827,4670470,5570958,26018992210260,26018989342938,0.999999889798871
828,176718,6207025,1096893043950,1045064612590,0.9504064813451555
829,1624932,6114521,9935680837572,9866020669716,0.9929393855751971
830,6557715,4480980,29384989760700,29384989682876,0.999999997351573
831,7760731,6640003,51531277122193,51322553839185,0.9959331080120833
832,3601666,6029622,21716684550252,21682320298342,0.9984151026533526
833,6880450,3384077,23283972594650,23272157838298,0.9994923222661992
834,981309,439199,430989931491,224795504467,0.08274666118036467
835,5522229,4896174,27037794051846,26847674709307,0.9929185918483624
836,7519160,5159241,38793158557560,38790725254744,0.9999372710151713
837,1299258,76607,99532257606,75876383046,0.6882313888676185
838,6921426,4193629,29025892794954,29025899427114,0.9999997715088893
839,6185370,871570,5390982930900,5373796096494,0.9968017330584588
840,5635903,7605282,42862631639646,39976341654925,0.9278000470969705
841,7831270,7723737,60486669855990,59901731018286,0.9902350261376347
842,307833,5155045,1586892967485,1561122445773,0.9834923123539874
843,6683633,2664802,17810558585666,16711046565379,0.934204478697049
844,7989807,2148431,17165549042817,17165542275201,0.9999996057441186
845,481518,3116414,1500609436452,1500583000210,0.9999823826859319
846,4345107,521986,2268085022502,2268080959545,0.9999982086366966
847,2218430,6318232,14016555415760,14015988636520,0.9999595619506623
848,6547479,7632281,49972199569599,49688372938347,0.9942878662659337
849,7373853,891963,6577204043439,6550354759343,0.9959010946609107
850,656510,7776164,5105129427640,5026080309912,0.9842722135632997
851,6417404,7647288,49075736600352,48796555841296,0.9942786790124287
852,2363723,5953735,14072980355405,14037561534497,0.9974768537383819
853,4765597,6787706,32347471350482,27673990494255,0.8311237095641413
854,3073254,4409763,13552321778802,13538221372626,0.9989584742494675
855,4697627,4197140,19716598186780,19716598154012,0.99999999833805
856,4474884,6256582,27997478686488,27988881549068,0.999692837407421
857,55681,8254462,459616698622,459620883071,0.9999908958684122
858,2472774,3099096,7663364012304,7505412603848,0.9789549999722842
859,8280659,3325851,27540238015809,27540232834257,0.9999998118551854
860,5222024,2353530,12290190144720,10054586147160,0.7776533051843746
861,916443,3390170,3106897565310,3101355725993,0.9982130913682191
862,7681728,1926281,14797166693568,14656889001920,0.9904292314945127
863,7754887,3517354,27276682808998,26726858400557,0.9794280195524386
864,2423964,1715189,4157556389196,4157553898828,0.9999994010016321
865,2424263,5507870,13352525449810,13326617570217,0.9980559298369227
866,4004421,4370935,17503063903635,17502442184575,0.999964478153766
867,1799498,8034634,14458307813732,14449580629678,0.9993960250973599
868,4659335,5838312,27202651442520,27202612635764,0.9999985734180565
869,7647500,223591,1709912172500,1709638312292,0.9998398139501022
870,4426070,7431768,32893525391760,32326169847688,0.9824490328812469
871,7538202,1097622,8274096355644,8274069646702,0.9999967719703676
872,7104516,5801313,41215521029508,40115728219332,0.972584498425084
873,3128524,646351,2022124615924,1987354768628,0.9825044587685752
874,4851651,4048425,19641545199675,19562093405767,0.9959384820295063
875,107161,3745472,401368524992,396956325056,0.988884923460087
876,2897097,1777664,5150065041408,5132629094400,0.9966029209032417
877,2769081,119048,329653554888,329652507052,0.9999968213922916
878,1919039,5717849,10972775227111,10629171854323,0.967673551853595
879,5411615,4883787,26429174986005,26154148689173,0.9894844102899112
880,7884926,3963865,31254782198990,31254517743334,0.9999915386422478
881,660932,6689456,4421275532992,4420800790208,0.9998926115863326
882,2248370,690666,1552872714420,1469094032742,0.9429725532805884
883,1553573,2177345,3382664403685,3344009342693,0.9884405044870866
884,6447404,6141096,39594126914784,39592983271824,0.9999711150091382
885,5340852,5721058,30555324061416,30510018789596,0.9985150690292118
886,4465661,7096602,31691018783922,31678120043743,0.9995928186344016
887,2729261,1716222,4684017771942,4649129986771,0.9924958464765941
888,6386609,7530037,48091402074533,47910084390565,0.996215458889826
889,6381980,4085033,26070598905340,26070043251820,0.9999786861297224
890,2277374,7142292,16265670101208,16263525763160,0.9998681504810687
891,3285633,3199102,10511075101566,10474511879615,0.9965093149569902
892,6052500,1512213,9152669182500,9143537117732,0.9990012546949375
893,3149703,4238960,13351465028880,13351054750288,0.9999692699491034
894,2767636,6798564,18815950474704,18780979658512,0.9981379663453205
895,4424162,3598128,15918701168736,15643294654560,0.9823945965183415
896,4485980,2869422,12872169703560,11648975514596,0.8949955566966936
897,4668933,176545,824276776485,789919518069,0.9565053684203321
898,2734768,5588266,15282611032288,15231921408912,0.9966721451604692
899,7394272,7375875,54539225988000,54238544198560,0.9944563078916859
900,8255481,3123398,25785152844438,25784991755947,0.9999937526258482
901,6320608,1472951,9309945874208,9308573540256,0.9998525731202461
902,5614010,5011055,28132112880550,26757562251046,0.948629452242038
903,6699352,3765960,25229491657920,25224110195232,0.9997866540129128
904,3572151,5161768,18438614722968,18438209581172,0.9999780270533201
905,6140652,636147,3906357347844,3871456802308,0.9909851646762031
906,3535017,5831446,20614260744582,20597088358283,0.9991662711738528
907,7288477,8235116,60021453558332,60021456690940,0.999999947808531
908,2090940,4708729,9845669815260,9845386182604,0.9999711913122817
909,5112802,1919998,9816569614396,9816536978462,0.9999966754127172
910,3555223,5340791,18987703001393,18976704025621,0.9994203958834396
911,2722083,1613232,4391351402256,4380595596304,0.9975446704185442
912,329132,2440702,803313130664,799012877908,0.9946180432444856
913,6198413,4843343,30021040214659,30007758794371,0.9995574004583611
914,6657203,1711755,11395500521265,11395225055729,0.9999758262311931
915,1251812,3675803,4601414305036,4600820502476,0.9998709355082033
916,6935144,2637775,18293349464600,17881026312728,0.9769407446384383
917,521154,7189799,3746992508046,3712337688998,0.9906649604774092
918,5749843,1053574,6057885088882,6056809765945,0.9998224605066769
919,1519399,1162175,1765807532825,1764731235097,0.9993901067161988
920,2024603,1108463,2244197515189,2243118387381,0.9995189162488833
921,7547456,734943,5546949955008,5507053758912,0.9927554373277296
922,1237915,6983394,8644848183510,8635928462881,0.9989671381985922
923,6297458,4367027,27501169117366,27493751875766,0.9997302208285899
924,1801407,825528,1487111917896,1478232887364,0.9939934832948866
925,4563906,1041779,4754581428774,4754444208550,0.9999711385352354
926,1757521,5865304,10308394951384,10239684776716,0.9932898154419519
927,1296275,918852,1191084876300,1191077732876,0.999994002554323
928,3185174,3939191,12547008754234,12546844370018,0.9999868983617591
929,111240,1091244,121389982560,120971940448,0.9965443051466989
930,3205250,5430259,17405337659750,17370381273446,0.9979875866998131
931,1124558,559969,629717618702,625114884462,0.9926369786507943
932,3949245,1922145,7591021530525,7555988769325,0.9953635768567811
933,4788595,5136363,24595962179985,24595900563857,0.9999974948618839
934,5844374,5994933,35036630556942,32837448131342,0.9330282177590721
935,6858749,3538829,24271939864921,24271942813849,0.9999998785046578
936,5408136,254058,1373980215888,1373922061784,0.9999576729236559
937,2245958,1563003,3510439091874,3493260723490,0.9950824259212929
938,1023436,5457045,5584936306620,5442661743292,0.9738593779958213
939,5069594,343563,1741724923422,1741714116638,0.999993795316983
940,4603549,509653,2346212558497,2345668440737,0.9997680329621398
941,4345331,2300334,9995712640554,9926816279837,0.9930595712890405
942,1292788,3084005,3986964655940,3986951261828,0.9999966405127325
943,8008728,2006845,16072275743160,16067985265080,0.9997329797103235
944,2824957,3877085,10952598410345,10951835654297,0.9999303535889255
945,4468225,4119504,18406870760400,18402569497552,0.9997662683546136
946,152813,1775525,271323301825,202201277073,0.6581523828504549
947,7922911,4131168,32730876390048,32730451229904,0.9999870102571757
948,7403699,732029,5419722375271,5385085670311,0.9935680308391455
949,1925277,6143163,11827290431151,11827144875695,0.9999876931028131
950,2294469,5507079,12635822046051,12635763262543,0.999995347846681
951,3603259,5336071,19227245855389,19167121905073,0.9968631727489515
952,8295233,384284,3187725318172,3118966109196,0.9779544866572069
953,3455062,6223949,21504129679838,21495531444702,0.9995999989505671
954,5455440,6499619,35458281477360,34323020208624,0.9669242024205448
955,7319475,4164041,30478593998475,30478589384023,0.9999998486002111
956,5895434,13326,78562553484,78568448918,0.9999249643580701
957,427732,2200559,941249502188,939037072364,0.99764393772183
958,3450671,7381922,25472584169662,25465882591965,0.9997368409410984
959,85143,6988968,595061702424,281124944683380,0.002116716120990958
960,6918949,6239463,43170526284387,43033072840735,0.9968058650108321
961,4348176,4266166,18550040613216,18548950361584,0.9999412230012616
962,4065183,6292277,25579257491691,25574831452395,0.9998269376944189
963,6331888,2946464,18656680044032,18514951099648,0.9923451623706047
964,5003388,6930390,34675430161320,32407407063604,0.9300152865280246
965,2405415,4575279,11005444735785,11004360049449,0.9999014312207956
966,6644628,8285164,55051832698992,55051823196272,0.9999998273859166
967,3413321,955309,3260776271189,3260777467221,0.9999996332064939
968,4287432,8247092,35358846147744,35358015732896,0.9999765140992563
969,7234521,3654560,26438991065760,26438848606256,0.9999946117357029
970,6575223,384098,2525530003854,2503916890037,0.9913682782751305
971,6041348,5661529,34203266901092,34185428496436,0.9994781868930541
972,8256008,2873708,23725356237664,23724949954912,0.9999828752957215
973,3210143,6439823,20672752724689,20534962360977,0.9932899626846239
974,7434506,2317220,17227385993320,17141480745224,0.9949884581517303
975,6265547,3078754,19290077888438,19290076667249,0.9999999366934087
976,6297274,6183250,38937619460500,38933196488782,0.9998863958750658
977,7778737,801119,6231694006703,6231410602655,0.999954520081235
978,3403061,2482936,8449582667096,8447430826540,0.9997452668627674
979,225085,4468427,1005775891295,1001176836959,0.9954063516391677
980,7463096,8010610,59783951448560,59783606577320,0.9999942313410023
981,2051211,1556756,3193235031516,3193232147932,0.9999990969701336
982,4056744,939468,3811181172192,3809221438944,0.9994855291876801
983,1350362,7809255,10545321200310,10501707166958,0.9958469577699496
984,1233821,5294463,6532419633123,6512996437155,0.9970177788126529
985,7189415,6974459,50142280151485,50142212862397,0.9999986580351333
986,4496379,3962865,17818542965835,17808872036427,0.9994569600259793
987,2705704,7262932,19651344164128,19651209684256,0.9999931566618971
988,6198517,4499168,27888169333856,27887630679984,0.9999806848463327
989,1057800,4437846,4694353498800,4692200736408,0.9995412041144582
990,1161323,1535848,1783615606904,1713655793508,0.9591751075910138
991,7183500,7556283,54280558930500,54242927601220,0.9993062445014647
992,4786392,8220985,39348856836120,39348855665528,0.9999999702509265
993,4184684,6076291,25427357727044,25212604965956,0.9914823255519223
994,6110780,5752567,35152671372260,29650786945780,0.814443898688394
995,7681295,7186782,55203792642690,55061135917729,0.9974091212870335
996,7569145,2618217,19817664114465,19815358950597,0.9998836678218271
997,2686807,8383346,22524432716222,22519871970133,0.9997974790400652
998,2722739,472609,1286790956051,1246905067075,0.9680120884667149
999,3056555,1149372,3513118733460,3512853099924,0.9999243823956072
1000,8353100,2154422,17996102408200,17920872101924,0.9958020845275759
